variantId,mutPept1,mutPept2,mutPept3,mutPept4,mutPept5,mutPept6,mutPept7,mutPept8,mutPept9,mutPept10,mutPept11,mutPept12,mutPept13,mutPept14,mutPept15,effectId,gene_name,topEffect,wtPept1,wtPept2,wtPept3,wtPept4,wtPept5,wtPept6,wtPept7,wtPept8,wtPept9,wtPept10,wtPept11,wtPept12,wtPept13,wtPept14,wtPept15,sourceName
chr1 g.114508756C>T,VWPGGTQQILLPSTW,QVWPGGTQQILLPST,LQVWPGGTQQILLPS,VLQVWPGGTQQILLP,AVLQVWPGGTQQILL,AAVLQVWPGGTQQIL,TAAVLQVWPGGTQQI,QTAAVLQVWPGGTQQ,EQTAAVLQVWPGGTQ,VEQTAAVLQVWPGGT,LVEQTAAVLQVWPGG,ALVEQTAAVLQVWPG,PALVEQTAAVLQVWP,RPALVEQTAAVLQVW,GRPALVEQTAAVLQV,ENST00000340480_p.A374V|ENST00000369553_p.A354V|ENST00000369558_p.A748V|ENST00000369559_p.A748V|ENST00000369561_p.A714V|ENST00000406344_p.A354V|ENST00000426820_p.A748V,HIPK1,TRUE,AWPGGTQQILLPSTW,QAWPGGTQQILLPST,LQAWPGGTQQILLPS,VLQAWPGGTQQILLP,AVLQAWPGGTQQILL,AAVLQAWPGGTQQIL,TAAVLQAWPGGTQQI,QTAAVLQAWPGGTQQ,EQTAAVLQAWPGGTQ,VEQTAAVLQAWPGGT,LVEQTAAVLQAWPGG,ALVEQTAAVLQAWPG,PALVEQTAAVLQAWP,RPALVEQTAAVLQAW,GRPALVEQTAAVLQA,C038_0039
chr1 g.114508756C>T,VWPGGTQQILLPSTW,QVWPGGTQQILLPST,QQVWPGGTQQILLPS,TQQVWPGGTQQILLP,LTQQVWPGGTQQILL,VLTQQVWPGGTQQIL,GVLTQQVWPGGTQQI,SGVLTQQVWPGGTQQ,QSGVLTQQVWPGGTQ,IQSGVLTQQVWPGGT,QIQSGVLTQQVWPGG,LQIQSGVLTQQVWPG,PLQIQSGVLTQQVWP,QPLQIQSGVLTQQVW,AQPLQIQSGVLTQQV,ENST00000369554_p.A703V|ENST00000369555_p.A703V,HIPK1,FALSE,AWPGGTQQILLPSTW,QAWPGGTQQILLPST,QQAWPGGTQQILLPS,TQQAWPGGTQQILLP,LTQQAWPGGTQQILL,VLTQQAWPGGTQQIL,GVLTQQAWPGGTQQI,SGVLTQQAWPGGTQQ,QSGVLTQQAWPGGTQ,IQSGVLTQQAWPGGT,QIQSGVLTQQAWPGG,LQIQSGVLTQQAWPG,PLQIQSGVLTQQAWP,QPLQIQSGVLTQQAW,AQPLQIQSGVLTQQA,C038_0039
chr1 g.169511993A>T,TPSNISKFTVNNLAE,STPSNISKFTVNNLA,YSTPSNISKFTVNNL,NYSTPSNISKFTVNN,SNYSTPSNISKFTVN,GSNYSTPSNISKFTV,VGSNYSTPSNISKFT,IVGSNYSTPSNISKF,IIVGSNYSTPSNISK,DIIVGSNYSTPSNIS,TDIIVGSNYSTPSNI,NTDIIVGSNYSTPSN,SNTDIIVGSNYSTPS,SSNTDIIVGSNYSTP,VSSNTDIIVGSNYST,ENST00000367796_p.S784T|ENST00000367797_p.S779T,F5,TRUE,SPSNISKFTVNNLAE,SSPSNISKFTVNNLA,YSSPSNISKFTVNNL,NYSSPSNISKFTVNN,SNYSSPSNISKFTVN,GSNYSSPSNISKFTV,VGSNYSSPSNISKFT,IVGSNYSSPSNISKF,IIVGSNYSSPSNISK,DIIVGSNYSSPSNIS,TDIIVGSNYSSPSNI,NTDIIVGSNYSSPSN,SNTDIIVGSNYSSPS,SSNTDIIVGSNYSSP,VSSNTDIIVGSNYSS,C038_0039
chr1 g.237824132C>A,QIKESLKTMLAWGWR,WQIKESLKTMLAWGW,RWQIKESLKTMLAWG,YRWQIKESLKTMLAW,IYRWQIKESLKTMLA,EIYRWQIKESLKTML,KEIYRWQIKESLKTM,EKEIYRWQIKESLKT,KEKEIYRWQIKESLK,EKEKEIYRWQIKESL,SEKEKEIYRWQIKES,LSEKEKEIYRWQIKE,LLSEKEKEIYRWQIK,KLLSEKEKEIYRWQI,YKLLSEKEKEIYRWQ,ENST00000360064_p.P2772Q|ENST00000366574_p.P2774Q,RYR2,TRUE,PIKESLKTMLAWGWR,WPIKESLKTMLAWGW,RWPIKESLKTMLAWG,YRWPIKESLKTMLAW,IYRWPIKESLKTMLA,EIYRWPIKESLKTML,KEIYRWPIKESLKTM,EKEIYRWPIKESLKT,KEKEIYRWPIKESLK,EKEKEIYRWPIKESL,SEKEKEIYRWPIKES,LSEKEKEIYRWPIKE,LLSEKEKEIYRWPIK,KLLSEKEKEIYRWPI,YKLLSEKEKEIYRWP,C038_0039
chr1 g.248790425G>A,MNTSSSDFTLLGLLV,MMNTSSSDFTLLGLL,,,,,,,,,,,,,,ENST00000330803_p.T2M,OR2T11,TRUE,TNTSSSDFTLLGLLV,MTNTSSSDFTLLGLL,,,,,,,,,,,,,,C038_0039
chr1 g.3407512G>A,WLPENPSLAQGSAGT,LWLPENPSLAQGSAG,PLWLPENPSLAQGSA,GPLWLPENPSLAQGS,GGPLWLPENPSLAQG,EGGPLWLPENPSLAQ,REGGPLWLPENPSLA,CREGGPLWLPENPSL,TCREGGPLWLPENPS,PTCREGGPLWLPENP,GPTCREGGPLWLPEN,MGPTCREGGPLWLPE,YMGPTCREGGPLWLP,GYMGPTCREGGPLWL,DGYMGPTCREGGPLW,ENST00000294599_p.R1198W|ENST00000356575_p.R1510W,MEGF6,TRUE,RLPENPSLAQGSAGT,LRLPENPSLAQGSAG,PLRLPENPSLAQGSA,GPLRLPENPSLAQGS,GGPLRLPENPSLAQG,EGGPLRLPENPSLAQ,REGGPLRLPENPSLA,CREGGPLRLPENPSL,TCREGGPLRLPENPS,PTCREGGPLRLPENP,GPTCREGGPLRLPEN,MGPTCREGGPLRLPE,YMGPTCREGGPLRLP,GYMGPTCREGGPLRL,DGYMGPTCREGGPLR,C038_0039
chr1 g.71478002G>A,,,,,,,,,,,,,,,,ENST00000306666_p.R355*|ENST00000351052_p.R355*|ENST00000354608_p.R355*|ENST00000356595_p.R355*|ENST00000370924_p.R355*|ENST00000370931_p.R355*|ENST00000370932_p.R355*|ENST00000414819_p.R355*|ENST00000460330_p.R355*,PTGER3,TRUE,,,,,,,,,,,,,,,,C038_0039
chr10 g.26465672T>A,MNEMILSQQLKSLYL,KMNEMILSQQLKSLY,KKMNEMILSQQLKSL,QKKMNEMILSQQLKS,LQKKMNEMILSQQLK,ILQKKMNEMILSQQL,FILQKKMNEMILSQQ,YFILQKKMNEMILSQ,EYFILQKKMNEMILS,EEYFILQKKMNEMIL,SEEYFILQKKMNEMI,LSEEYFILQKKMNEM,KLSEEYFILQKKMNE,SKLSEEYFILQKKMN,ISKLSEEYFILQKKM,ENST00000265944_p.L1446M,MYO3A,TRUE,LNEMILSQQLKSLYL,KLNEMILSQQLKSLY,KKLNEMILSQQLKSL,QKKLNEMILSQQLKS,LQKKLNEMILSQQLK,ILQKKLNEMILSQQL,FILQKKLNEMILSQQ,YFILQKKLNEMILSQ,EYFILQKKLNEMILS,EEYFILQKKLNEMIL,SEEYFILQKKLNEMI,LSEEYFILQKKLNEM,KLSEEYFILQKKLNE,SKLSEEYFILQKKLN,ISKLSEEYFILQKKL,C038_0039
chr11 g.60102487G>A,HLQAKVKVIGVHSSL,KHLQAKVKVIGVHSS,KKHLQAKVKVIGVHS,LKKHLQAKVKVIGVH,SLKKHLQAKVKVIGV,DSLKKHLQAKVKVIG,QDSLKKHLQAKVKVI,GQDSLKKHLQAKVKV,QGQDSLKKHLQAKVK,NQGQDSLKKHLQAKV,TNQGQDSLKKHLQAK,PTNQGQDSLKKHLQA,EPTNQGQDSLKKHLQ,PEPTNQGQDSLKKHL,KPEPTNQGQDSLKKH,ENST00000300182_p.R40H,MS4A6E,TRUE,RLQAKVKVIGVHSSL,KRLQAKVKVIGVHSS,KKRLQAKVKVIGVHS,LKKRLQAKVKVIGVH,SLKKRLQAKVKVIGV,DSLKKRLQAKVKVIG,QDSLKKRLQAKVKVI,GQDSLKKRLQAKVKV,QGQDSLKKRLQAKVK,NQGQDSLKKRLQAKV,TNQGQDSLKKRLQAK,PTNQGQDSLKKRLQA,EPTNQGQDSLKKRLQ,PEPTNQGQDSLKKRL,KPEPTNQGQDSLKKR,C038_0039
chr11 g.64120313C>T,WGLEEELRRLQSEHD,QWGLEEELRRLQSEH,RQWGLEEELRRLQSE,HRQWGLEEELRRLQS,GHRQWGLEEELRRLQ,DGHRQWGLEEELRRL,QDGHRQWGLEEELRR,MQDGHRQWGLEEELR,LMQDGHRQWGLEEEL,RLMQDGHRQWGLEEE,ERLMQDGHRQWGLEE,RERLMQDGHRQWGLE,ERERLMQDGHRQWGL,AERERLMQDGHRQWG,LAERERLMQDGHRQW,ENST00000356786_p.R1152W|ENST00000359902_p.R304W,CCDC88B,TRUE,RGLEEELRRLQSEHD,QRGLEEELRRLQSEH,RQRGLEEELRRLQSE,HRQRGLEEELRRLQS,GHRQRGLEEELRRLQ,DGHRQRGLEEELRRL,QDGHRQRGLEEELRR,MQDGHRQRGLEEELR,LMQDGHRQRGLEEEL,RLMQDGHRQRGLEEE,ERLMQDGHRQRGLEE,RERLMQDGHRQRGLE,ERERLMQDGHRQRGL,AERERLMQDGHRQRG,LAERERLMQDGHRQR,C038_0039
chr11 g.7984946G>A,WDMTLSEGQPPLARG,LWDMTLSEGQPPLAR,YLWDMTLSEGQPPLA,FYLWDMTLSEGQPPL,KFYLWDMTLSEGQPP,LKFYLWDMTLSEGQP,KLKFYLWDMTLSEGQ,KKLKFYLWDMTLSEG,FKKLKFYLWDMTLSE,DFKKLKFYLWDMTLS,NDFKKLKFYLWDMTL,ENDFKKLKFYLWDMT,EENDFKKLKFYLWDM,LEENDFKKLKFYLWD,DLEENDFKKLKFYLW,ENST00000328600_p.R33W,NLRP10,TRUE,RDMTLSEGQPPLARG,LRDMTLSEGQPPLAR,YLRDMTLSEGQPPLA,FYLRDMTLSEGQPPL,KFYLRDMTLSEGQPP,LKFYLRDMTLSEGQP,KLKFYLRDMTLSEGQ,KKLKFYLRDMTLSEG,FKKLKFYLRDMTLSE,DFKKLKFYLRDMTLS,NDFKKLKFYLRDMTL,ENDFKKLKFYLRDMT,EENDFKKLKFYLRDM,LEENDFKKLKFYLRD,DLEENDFKKLKFYLR,C038_0039
chr12 g.21926202A>C,ATVCVTNVRSFTSAF,EATVCVTNVRSFTSA,LEATVCVTNVRSFTS,GLEATVCVTNVRSFT,SGLEATVCVTNVRSF,KSGLEATVCVTNVRS,EKSGLEATVCVTNVR,MEKSGLEATVCVTNV,GMEKSGLEATVCVTN,SGMEKSGLEATVCVT,KSGMEKSGLEATVCV,EKSGMEKSGLEATVC,MEKSGMEKSGLEATV,YMEKSGMEKSGLEAT,AYMEKSGMEKSGLEA,ENST00000240662_p.S117A,KCNJ8,TRUE,STVCVTNVRSFTSAF,ESTVCVTNVRSFTSA,LESTVCVTNVRSFTS,GLESTVCVTNVRSFT,SGLESTVCVTNVRSF,KSGLESTVCVTNVRS,EKSGLESTVCVTNVR,MEKSGLESTVCVTNV,GMEKSGLESTVCVTN,SGMEKSGLESTVCVT,KSGMEKSGLESTVCV,EKSGMEKSGLESTVC,MEKSGMEKSGLESTV,YMEKSGMEKSGLEST,AYMEKSGMEKSGLES,C038_0039
chr12 g.22065907G>A,CYLADLLGFAGPLCI,FCYLADLLGFAGPLC,TFCYLADLLGFAGPL,STFCYLADLLGFAGP,SSTFCYLADLLGFAG,LSSTFCYLADLLGFA,LLSSTFCYLADLLGF,ILLSSTFCYLADLLG,PILLSSTFCYLADLL,RPILLSSTFCYLADL,GRPILLSSTFCYLAD,FGRPILLSSTFCYLA,AFGRPILLSSTFCYL,RAFGRPILLSSTFCY,YRAFGRPILLSSTFC,ENST00000261200_p.R304C|ENST00000261201_p.R304C|ENST00000345162_p.R304C,ABCC9,TRUE,RYLADLLGFAGPLCI,FRYLADLLGFAGPLC,TFRYLADLLGFAGPL,STFRYLADLLGFAGP,SSTFRYLADLLGFAG,LSSTFRYLADLLGFA,LLSSTFRYLADLLGF,ILLSSTFRYLADLLG,PILLSSTFRYLADLL,RPILLSSTFRYLADL,GRPILLSSTFRYLAD,FGRPILLSSTFRYLA,AFGRPILLSSTFRYL,RAFGRPILLSSTFRY,YRAFGRPILLSSTFR,C038_0039
chr12 g.25380275T>G,HEEYSAMRDQYMRTG,GHEEYSAMRDQYMRT,AGHEEYSAMRDQYMR,TAGHEEYSAMRDQYM,DTAGHEEYSAMRDQY,LDTAGHEEYSAMRDQ,ILDTAGHEEYSAMRD,DILDTAGHEEYSAMR,LDILDTAGHEEYSAM,LLDILDTAGHEEYSA,CLLDILDTAGHEEYS,TCLLDILDTAGHEEY,ETCLLDILDTAGHEE,GETCLLDILDTAGHE,DGETCLLDILDTAGH,ENST00000256078_p.Q61H|ENST00000311936_p.Q61H,KRAS,TRUE,QEEYSAMRDQYMRTG,GQEEYSAMRDQYMRT,AGQEEYSAMRDQYMR,TAGQEEYSAMRDQYM,DTAGQEEYSAMRDQY,LDTAGQEEYSAMRDQ,ILDTAGQEEYSAMRD,DILDTAGQEEYSAMR,LDILDTAGQEEYSAM,LLDILDTAGQEEYSA,CLLDILDTAGQEEYS,TCLLDILDTAGQEEY,ETCLLDILDTAGQEE,GETCLLDILDTAGQE,DGETCLLDILDTAGQ,C038_0039
chr12 g.44782016G>A,QTNKTYVEGDMFLHS,PQTNKTYVEGDMFLH,NPQTNKTYVEGDMFL,TNPQTNKTYVEGDMF,HTNPQTNKTYVEGDM,NHTNPQTNKTYVEGD,SNHTNPQTNKTYVEG,RSNHTNPQTNKTYVE,WRSNHTNPQTNKTYV,EWRSNHTNPQTNKTY,WEWRSNHTNPQTNKT,SWEWRSNHTNPQTNK,LSWEWRSNHTNPQTN,KLSWEWRSNHTNPQT,TKLSWEWRSNHTNPQ,ENST00000266534_p.R369Q|ENST00000536799_p.R265Q,TMEM117,TRUE,RTNKTYVEGDMFLHS,PRTNKTYVEGDMFLH,NPRTNKTYVEGDMFL,TNPRTNKTYVEGDMF,HTNPRTNKTYVEGDM,NHTNPRTNKTYVEGD,SNHTNPRTNKTYVEG,RSNHTNPRTNKTYVE,WRSNHTNPRTNKTYV,EWRSNHTNPRTNKTY,WEWRSNHTNPRTNKT,SWEWRSNHTNPRTNK,LSWEWRSNHTNPRTN,KLSWEWRSNHTNPRT,TKLSWEWRSNHTNPR,C038_0039
chr14 g.23895254C>T,HCNGVLEGIRICRKG,LHCNGVLEGIRICRK,QLHCNGVLEGIRICR,HQLHCNGVLEGIRIC,MHQLHCNGVLEGIRI,VMHQLHCNGVLEGIR,LVMHQLHCNGVLEGI,PLVMHQLHCNGVLEG,NPLVMHQLHCNGVLE,DNPLVMHQLHCNGVL,MDNPLVMHQLHCNGV,VMDNPLVMHQLHCNG,GVMDNPLVMHQLHCN,PGVMDNPLVMHQLHC,SPGVMDNPLVMHQLH,ENST00000355349_p.R694H,MYH7,TRUE,RCNGVLEGIRICRKG,LRCNGVLEGIRICRK,QLRCNGVLEGIRICR,HQLRCNGVLEGIRIC,MHQLRCNGVLEGIRI,VMHQLRCNGVLEGIR,LVMHQLRCNGVLEGI,PLVMHQLRCNGVLEG,NPLVMHQLRCNGVLE,DNPLVMHQLRCNGVL,MDNPLVMHQLRCNGV,VMDNPLVMHQLRCNG,GVMDNPLVMHQLRCN,PGVMDNPLVMHQLRC,SPGVMDNPLVMHQLR,C038_0039
chr15 g.31327793C>T,IISYIVSLALEKIRE,IIISYIVSLALEKIR,WIIISYIVSLALEKI,EWIIISYIVSLALEK,QEWIIISYIVSLALE,LQEWIIISYIVSLAL,SLQEWIIISYIVSLA,PSLQEWIIISYIVSL,WPSLQEWIIISYIVS,GWPSLQEWIIISYIV,DGWPSLQEWIIISYI,MDGWPSLQEWIIISY,RMDGWPSLQEWIIIS,VRMDGWPSLQEWIII,LVRMDGWPSLQEWII,ENST00000256552_p.V886I|ENST00000397795_p.V864I|ENST00000542188_p.V903I,TRPM1,TRUE,VISYIVSLALEKIRE,IVISYIVSLALEKIR,WIVISYIVSLALEKI,EWIVISYIVSLALEK,QEWIVISYIVSLALE,LQEWIVISYIVSLAL,SLQEWIVISYIVSLA,PSLQEWIVISYIVSL,WPSLQEWIVISYIVS,GWPSLQEWIVISYIV,DGWPSLQEWIVISYI,MDGWPSLQEWIVISY,RMDGWPSLQEWIVIS,VRMDGWPSLQEWIVI,LVRMDGWPSLQEWIV,C038_0039
chr17 g.74035875G>C,GFPPLEDKLEQKTKS,VGFPPLEDKLEQKTK,HVGFPPLEDKLEQKT,NHVGFPPLEDKLEQK,LNHVGFPPLEDKLEQ,ALNHVGFPPLEDKLE,LALNHVGFPPLEDKL,DLALNHVGFPPLEDK,FDLALNHVGFPPLED,FFDLALNHVGFPPLE,LFFDLALNHVGFPPL,PLFFDLALNHVGFPP,KPLFFDLALNHVGFP,CKPLFFDLALNHVGF,PCKPLFFDLALNHVG,ENST00000307877_p.A599G|ENST00000355113_p.A498G|ENST00000539137_p.A561G|ENST00000602720_p.A260G,SRP68,TRUE,AFPPLEDKLEQKTKS,VAFPPLEDKLEQKTK,HVAFPPLEDKLEQKT,NHVAFPPLEDKLEQK,LNHVAFPPLEDKLEQ,ALNHVAFPPLEDKLE,LALNHVAFPPLEDKL,DLALNHVAFPPLEDK,FDLALNHVAFPPLED,FFDLALNHVAFPPLE,LFFDLALNHVAFPPL,PLFFDLALNHVAFPP,KPLFFDLALNHVAFP,CKPLFFDLALNHVAF,PCKPLFFDLALNHVA,C038_0039
chr17 g.7578280_7578280delG,LLSILSEWKEICVWS,ALLSILSEWKEICVW,LALLSILSEWKEICV,GLALLSILSEWKEIC,DGLALLSILSEWKEI,SDGLALLSILSEWKE,DSDGLALLSILSEWK,SDSDGLALLSILSEW,CSDSDGLALLSILSE,RCSDSDGLALLSILS,ERCSDSDGLALLSIL,HERCSDSDGLALLSI,HHERCSDSDGLALLS,PHHERCSDSDGLALL,CPHHERCSDSDGLAL,ENST00000269305_p.P190fs|ENST00000359597_p.P190fs|ENST00000413465_p.P190fs|ENST00000420246_p.P190fs|ENST00000445888_p.P190fs|ENST00000455263_p.P190fs,TP53,TRUE,PPQHLIRVEGNLRVE,APPQHLIRVEGNLRV,LAPPQHLIRVEGNLR,GLAPPQHLIRVEGNL,DGLAPPQHLIRVEGN,SDGLAPPQHLIRVEG,DSDGLAPPQHLIRVE,SDSDGLAPPQHLIRV,CSDSDGLAPPQHLIR,RCSDSDGLAPPQHLI,ERCSDSDGLAPPQHL,HERCSDSDGLAPPQH,HHERCSDSDGLAPPQ,PHHERCSDSDGLAPP,CPHHERCSDSDGLAP,C038_0039
chr18 g.72589287C>T,FAMKDHYRTHTGEKS,AFAMKDHYRTHTGEK,TAFAMKDHYRTHTGE,LTAFAMKDHYRTHTG,FLTAFAMKDHYRTHT,SFLTAFAMKDHYRTH,YSFLTAFAMKDHYRT,HYSFLTAFAMKDHYR,CHYSFLTAFAMKDHY,TCHYSFLTAFAMKDH,PTCHYSFLTAFAMKD,WPTCHYSFLTAFAMK,TWPTCHYSFLTAFAM,CTWPTCHYSFLTAFA,KCTWPTCHYSFLTAF,ENST00000299687_p.S1671F|ENST00000577538_p.S1671F,ZNF407,TRUE,SAMKDHYRTHTGEKS,ASAMKDHYRTHTGEK,TASAMKDHYRTHTGE,LTASAMKDHYRTHTG,FLTASAMKDHYRTHT,SFLTASAMKDHYRTH,YSFLTASAMKDHYRT,HYSFLTASAMKDHYR,CHYSFLTASAMKDHY,TCHYSFLTASAMKDH,PTCHYSFLTASAMKD,WPTCHYSFLTASAMK,TWPTCHYSFLTASAM,CTWPTCHYSFLTASA,KCTWPTCHYSFLTAS,C038_0039
chr19 g.19625912C>T,RVQARDLFAQIAGAV,PRVQARDLFAQIAGA,IPRVQARDLFAQIAG,RIPRVQARDLFAQIA,GRIPRVQARDLFAQI,NGRIPRVQARDLFAQ,RNGRIPRVQARDLFA,QRNGRIPRVQARDLF,VQRNGRIPRVQARDL,AVQRNGRIPRVQARD,QAVQRNGRIPRVQAR,LQAVQRNGRIPRVQA,LLQAVQRNGRIPRVQ,DLLQAVQRNGRIPRV,TDLLQAVQRNGRIPR,ENST00000360913_p.G109R|ENST00000585580_p.G109R,TSSK6,TRUE,GVQARDLFAQIAGAV,PGVQARDLFAQIAGA,IPGVQARDLFAQIAG,RIPGVQARDLFAQIA,GRIPGVQARDLFAQI,NGRIPGVQARDLFAQ,RNGRIPGVQARDLFA,QRNGRIPGVQARDLF,VQRNGRIPGVQARDL,AVQRNGRIPGVQARD,QAVQRNGRIPGVQAR,LQAVQRNGRIPGVQA,LLQAVQRNGRIPGVQ,DLLQAVQRNGRIPGV,TDLLQAVQRNGRIPG,C038_0039
chr2 g.128415111C>T,TVCQRCQARFSPAER,NTVCQRCQARFSPAE,ANTVCQRCQARFSPA,LANTVCQRCQARFSP,ALANTVCQRCQARFS,DALANTVCQRCQARF,SDALANTVCQRCQAR,MSDALANTVCQRCQA,,,,,,,,ENST00000409455_p.A8T|ENST00000409808_p.A8T|ENST00000410011_p.A8T,LIMS2,FALSE,AVCQRCQARFSPAER,NAVCQRCQARFSPAE,ANAVCQRCQARFSPA,LANAVCQRCQARFSP,ALANAVCQRCQARFS,DALANAVCQRCQARF,SDALANAVCQRCQAR,MSDALANAVCQRCQA,,,,,,,,C038_0039
chr2 g.128415111C>T,TVCQRCQARFSPAER,NTVCQRCQARFSPAE,ANTVCQRCQARFSPA,LANTVCQRCQARFSP,ALANTVCQRCQARFS,DALANTVCQRCQARF,SDALANTVCQRCQAR,MSDALANTVCQRCQA,NMSDALANTVCQRCQ,GNMSDALANTVCQRC,TGNMSDALANTVCQR,ATGNMSDALANTVCQ,PATGNMSDALANTVC,PPATGNMSDALANTV,PPPATGNMSDALANT,ENST00000324938_p.A37T,LIMS2,TRUE,AVCQRCQARFSPAER,NAVCQRCQARFSPAE,ANAVCQRCQARFSPA,LANAVCQRCQARFSP,ALANAVCQRCQARFS,DALANAVCQRCQARF,SDALANAVCQRCQAR,MSDALANAVCQRCQA,NMSDALANAVCQRCQ,GNMSDALANAVCQRC,TGNMSDALANAVCQR,ATGNMSDALANAVCQ,PATGNMSDALANAVC,PPATGNMSDALANAV,PPPATGNMSDALANA,C038_0039
chr2 g.128415111C>T,TVCQRCQARFSPAER,NTVCQRCQARFSPAE,ANTVCQRCQARFSPA,LANTVCQRCQARFSP,ALANTVCQRCQARFS,DALANTVCQRCQARF,SDALANTVCQRCQAR,MSDALANTVCQRCQA,NMSDALANTVCQRCQ,SNMSDALANTVCQRC,GSNMSDALANTVCQR,TGSNMSDALANTVCQ,MTGSNMSDALANTVC,,,ENST00000355119_p.A13T,LIMS2,FALSE,AVCQRCQARFSPAER,NAVCQRCQARFSPAE,ANAVCQRCQARFSPA,LANAVCQRCQARFSP,ALANAVCQRCQARFS,DALANAVCQRCQARF,SDALANAVCQRCQAR,MSDALANAVCQRCQA,NMSDALANAVCQRCQ,SNMSDALANAVCQRC,GSNMSDALANAVCQR,TGSNMSDALANAVCQ,MTGSNMSDALANAVC,,,C038_0039
chr2 g.128415111C>T,TVCQRCQARFSPAER,NTVCQRCQARFSPAE,ANTVCQRCQARFSPA,LANTVCQRCQARFSP,ALANTVCQRCQARFS,DALANTVCQRCQARF,SDALANTVCQRCQAR,MSDALANTVCQRCQA,NMSDALANTVCQRCQ,SNMSDALANTVCQRC,WSNMSDALANTVCQR,RWSNMSDALANTVCQ,LRWSNMSDALANTVC,ALRWSNMSDALANTV,AALRWSNMSDALANT,ENST00000545738_p.A35T,LIMS2,FALSE,AVCQRCQARFSPAER,NAVCQRCQARFSPAE,ANAVCQRCQARFSPA,LANAVCQRCQARFSP,ALANAVCQRCQARFS,DALANAVCQRCQARF,SDALANAVCQRCQAR,MSDALANAVCQRCQA,NMSDALANAVCQRCQ,SNMSDALANAVCQRC,WSNMSDALANAVCQR,RWSNMSDALANAVCQ,LRWSNMSDALANAVC,ALRWSNMSDALANAV,AALRWSNMSDALANA,C038_0039
chr2 g.170059399G>T,,,,,,,,,,,,,,,,ENST00000263816_p.C2692*,LRP2,TRUE,,,,,,,,,,,,,,,,C038_0039
chr20 g.10386029G>T,THEAVGSASNLTLDC,LTHEAVGSASNLTLD,CLTHEAVGSASNLTL,SCLTHEAVGSASNLT,QSCLTHEAVGSASNL,PQSCLTHEAVGSASN,VPQSCLTHEAVGSAS,FVPQSCLTHEAVGSA,PFVPQSCLTHEAVGS,RPFVPQSCLTHEAVG,RRPFVPQSCLTHEAV,TRRPFVPQSCLTHEA,STRRPFVPQSCLTHE,RSTRRPFVPQSCLTH,LRSTRRPFVPQSCLT,ENST00000347364_p.P527T|ENST00000399054_p.P527T,MKKS,TRUE,PHEAVGSASNLTLDC,LPHEAVGSASNLTLD,CLPHEAVGSASNLTL,SCLPHEAVGSASNLT,QSCLPHEAVGSASNL,PQSCLPHEAVGSASN,VPQSCLPHEAVGSAS,FVPQSCLPHEAVGSA,PFVPQSCLPHEAVGS,RPFVPQSCLPHEAVG,RRPFVPQSCLPHEAV,TRRPFVPQSCLPHEA,STRRPFVPQSCLPHE,RSTRRPFVPQSCLPH,LRSTRRPFVPQSCLP,C038_0039
chr20 g.35060613G>A,SGNGSKKGGMEDGKG,VSGNGSKKGGMEDGK,KVSGNGSKKGGMEDG,GKVSGNGSKKGGMED,AGKVSGNGSKKGGME,TAGKVSGNGSKKGGM,GTAGKVSGNGSKKGG,EGTAGKVSGNGSKKG,LEGTAGKVSGNGSKK,SLEGTAGKVSGNGSK,PSLEGTAGKVSGNGS,APSLEGTAGKVSGNG,KAPSLEGTAGKVSGN,TKAPSLEGTAGKVSG,FTKAPSLEGTAGKVS,ENST00000339266_p.G165S|ENST00000373907_p.G165S|ENST00000373913_p.G165S|ENST00000401952_p.G165S,DLGAP4,TRUE,GGNGSKKGGMEDGKG,VGGNGSKKGGMEDGK,KVGGNGSKKGGMEDG,GKVGGNGSKKGGMED,AGKVGGNGSKKGGME,TAGKVGGNGSKKGGM,GTAGKVGGNGSKKGG,EGTAGKVGGNGSKKG,LEGTAGKVGGNGSKK,SLEGTAGKVGGNGSK,PSLEGTAGKVGGNGS,APSLEGTAGKVGGNG,KAPSLEGTAGKVGGN,TKAPSLEGTAGKVGG,FTKAPSLEGTAGKVG,C038_0039
chr20 g.61834241_61834242delGA,SGGAGSDSNSWKRPA,QSGGAGSDSNSWKRP,GQSGGAGSDSNSWKR,FGQSGGAGSDSNSWK,AFGQSGGAGSDSNSW,,,,,,,,,,,ENST00000370333_p.P301fs|ENST00000370339_p.P351fs,YTHDF1,TRUE,SGGAGSDSNSPGNVQ,QSGGAGSDSNSPGNV,GQSGGAGSDSNSPGN,FGQSGGAGSDSNSPG,AFGQSGGAGSDSNSP,,,,,,,,,,,C038_0039
chr21 g.37763965C>T,WGHLEDVYDICWATD,LWGHLEDVYDICWAT,TLWGHLEDVYDICWA,KTLWGHLEDVYDICW,VKTLWGHLEDVYDIC,VVKTLWGHLEDVYDI,TVVKTLWGHLEDVYD,WTVVKTLWGHLEDVY,NWTVVKTLWGHLEDV,ENWTVVKTLWGHLED,KENWTVVKTLWGHLE,NKENWTVVKTLWGHL,LNKENWTVVKTLWGH,QLNKENWTVVKTLWG,AQLNKENWTVVKTLW,ENST00000314103_p.R126W,CHAF1B,TRUE,RGHLEDVYDICWATD,LRGHLEDVYDICWAT,TLRGHLEDVYDICWA,KTLRGHLEDVYDICW,VKTLRGHLEDVYDIC,VVKTLRGHLEDVYDI,TVVKTLRGHLEDVYD,WTVVKTLRGHLEDVY,NWTVVKTLRGHLEDV,ENWTVVKTLRGHLED,KENWTVVKTLRGHLE,NKENWTVVKTLRGHL,LNKENWTVVKTLRGH,QLNKENWTVVKTLRG,AQLNKENWTVVKTLR,C038_0039
chr22 g.50722115C>T,DVQAGDIQRISVAGR,LDVQAGDIQRISVAG,NLDVQAGDIQRISVA,SNLDVQAGDIQRISV,GSNLDVQAGDIQRIS,LGSNLDVQAGDIQRI,ILGSNLDVQAGDIQR,TILGSNLDVQAGDIQ,ITILGSNLDVQAGDI,RITILGSNLDVQAGD,IRITILGSNLDVQAG,GIRITILGSNLDVQA,GGIRITILGSNLDVQ,GGGIRITILGSNLDV,LGGGIRITILGSNLD,ENST00000359337_p.G829D|ENST00000449103_p.G829D,PLXNB2,TRUE,GVQAGDIQRISVAGR,LGVQAGDIQRISVAG,NLGVQAGDIQRISVA,SNLGVQAGDIQRISV,GSNLGVQAGDIQRIS,LGSNLGVQAGDIQRI,ILGSNLGVQAGDIQR,TILGSNLGVQAGDIQ,ITILGSNLGVQAGDI,RITILGSNLGVQAGD,IRITILGSNLGVQAG,GIRITILGSNLGVQA,GGIRITILGSNLGVQ,GGGIRITILGSNLGV,LGGGIRITILGSNLG,C038_0039
chr4 g.164272294G>T,IKKTACVLPAPERPS,YIKKTACVLPAPERP,RYIKKTACVLPAPER,RRYIKKTACVLPAPE,RRRYIKKTACVLPAP,HRRRYIKKTACVLPA,KHRRRYIKKTACVLP,KKHRRRYIKKTACVL,IKKHRRRYIKKTACV,FIKKHRRRYIKKTAC,SFIKKHRRRYIKKTA,YSFIKKHRRRYIKKT,SYSFIKKHRRRYIKK,WSYSFIKKHRRRYIK,KWSYSFIKKHRRRYI,ENST00000338566_p.S290I|ENST00000506953_p.S290I|ENST00000515560_p.S290I,NPY5R,TRUE,SKKTACVLPAPERPS,YSKKTACVLPAPERP,RYSKKTACVLPAPER,RRYSKKTACVLPAPE,RRRYSKKTACVLPAP,HRRRYSKKTACVLPA,KHRRRYSKKTACVLP,KKHRRRYSKKTACVL,IKKHRRRYSKKTACV,FIKKHRRRYSKKTAC,SFIKKHRRRYSKKTA,YSFIKKHRRRYSKKT,SYSFIKKHRRRYSKK,WSYSFIKKHRRRYSK,KWSYSFIKKHRRRYS,C038_0039
chr5 g.122337107G>A,NETESEESSKLSHQP,FNETESEESSKLSHQ,SFNETESEESSKLSH,GSFNETESEESSKLS,CGSFNETESEESSKL,SCGSFNETESEESSK,ESCGSFNETESEESS,AESCGSFNETESEES,KAESCGSFNETESEE,PKAESCGSFNETESE,LPKAESCGSFNETES,SLPKAESCGSFNETE,PSLPKAESCGSFNET,LPSLPKAESCGSFNE,HLPSLPKAESCGSFN,ENST00000261369_p.D118N|ENST00000395451_p.D151N|ENST00000506996_p.D118N|ENST00000513881_p.D118N,SNX24,TRUE,DETESEESSKLSHQP,FDETESEESSKLSHQ,SFDETESEESSKLSH,GSFDETESEESSKLS,CGSFDETESEESSKL,SCGSFDETESEESSK,ESCGSFDETESEESS,AESCGSFDETESEES,KAESCGSFDETESEE,PKAESCGSFDETESE,LPKAESCGSFDETES,SLPKAESCGSFDETE,PSLPKAESCGSFDET,LPSLPKAESCGSFDE,HLPSLPKAESCGSFD,C038_0039
chr5 g.131013530_131013530delT,IILPGFQQSCQMDNH,TIILPGFQQSCQMDN,LTIILPGFQQSCQMD,VLTIILPGFQQSCQM,AVLTIILPGFQQSCQ,TAVLTIILPGFQQSC,ITAVLTIILPGFQQS,LITAVLTIILPGFQQ,ALITAVLTIILPGFQ,PALITAVLTIILPGF,LPALITAVLTIILPG,FLPALITAVLTIILP,QFLPALITAVLTIIL,NQFLPALITAVLTII,KNQFLPALITAVLTI,ENST00000307954_p.N417fs|ENST00000307968_p.N434fs|ENST00000510461_p.N462fs|ENST00000511848_p.N462fs,FNIP1,TRUE,NHLAWVPTVMPNGQP,TNHLAWVPTVMPNGQ,LTNHLAWVPTVMPNG,VLTNHLAWVPTVMPN,AVLTNHLAWVPTVMP,TAVLTNHLAWVPTVM,ITAVLTNHLAWVPTV,LITAVLTNHLAWVPT,ALITAVLTNHLAWVP,PALITAVLTNHLAWV,LPALITAVLTNHLAW,FLPALITAVLTNHLA,QFLPALITAVLTNHL,NQFLPALITAVLTNH,KNQFLPALITAVLTN,C038_0039
chr5 g.139189189C>T,VDTEEPTKDPDVAFH,PVDTEEPTKDPDVAF,TPVDTEEPTKDPDVA,GTPVDTEEPTKDPDV,RGTPVDTEEPTKDPD,RRGTPVDTEEPTKDP,ERRGTPVDTEEPTKD,HERRGTPVDTEEPTK,GHERRGTPVDTEEPT,PGHERRGTPVDTEEP,SPGHERRGTPVDTEE,CSPGHERRGTPVDTE,LCSPGHERRGTPVDT,SLCSPGHERRGTPVD,SSLCSPGHERRGTPV,ENST00000274710_p.A55V,PSD2,TRUE,ADTEEPTKDPDVAFH,PADTEEPTKDPDVAF,TPADTEEPTKDPDVA,GTPADTEEPTKDPDV,RGTPADTEEPTKDPD,RRGTPADTEEPTKDP,ERRGTPADTEEPTKD,HERRGTPADTEEPTK,GHERRGTPADTEEPT,PGHERRGTPADTEEP,SPGHERRGTPADTEE,CSPGHERRGTPADTE,LCSPGHERRGTPADT,SLCSPGHERRGTPAD,SSLCSPGHERRGTPA,C038_0039
chr5 g.75871523T>G,LYPETTDVYDRKNIP,ILYPETTDVYDRKNI,KILYPETTDVYDRKN,PKILYPETTDVYDRK,LPKILYPETTDVYDR,GLPKILYPETTDVYD,IGLPKILYPETTDVY,SIGLPKILYPETTDV,ESIGLPKILYPETTD,MESIGLPKILYPETT,AMESIGLPKILYPET,RAMESIGLPKILYPE,LRAMESIGLPKILYP,WLRAMESIGLPKILY,QWLRAMESIGLPKIL,ENST00000274364_p.F129L,IQGAP2,TRUE,FYPETTDVYDRKNIP,IFYPETTDVYDRKNI,KIFYPETTDVYDRKN,PKIFYPETTDVYDRK,LPKIFYPETTDVYDR,GLPKIFYPETTDVYD,IGLPKIFYPETTDVY,SIGLPKIFYPETTDV,ESIGLPKIFYPETTD,MESIGLPKIFYPETT,AMESIGLPKIFYPET,RAMESIGLPKIFYPE,LRAMESIGLPKIFYP,WLRAMESIGLPKIFY,QWLRAMESIGLPKIF,C038_0039
chr6 g.138584586G>A,TALSLKLLKNQEADQ,TTALSLKLLKNQEAD,RTTALSLKLLKNQEA,LRTTALSLKLLKNQE,SLRTTALSLKLLKNQ,RSLRTTALSLKLLKN,HRSLRTTALSLKLLK,GHRSLRTTALSLKLL,LGHRSLRTTALSLKL,CLGHRSLRTTALSLK,DCLGHRSLRTTALSL,RDCLGHRSLRTTALS,PRDCLGHRSLRTTAL,TPRDCLGHRSLRTTA,QTPRDCLGHRSLRTT,ENST00000251691_p.A656T,KIAA1244,TRUE,AALSLKLLKNQEADQ,TAALSLKLLKNQEAD,RTAALSLKLLKNQEA,LRTAALSLKLLKNQE,SLRTAALSLKLLKNQ,RSLRTAALSLKLLKN,HRSLRTAALSLKLLK,GHRSLRTAALSLKLL,LGHRSLRTAALSLKL,CLGHRSLRTAALSLK,DCLGHRSLRTAALSL,RDCLGHRSLRTAALS,PRDCLGHRSLRTAAL,TPRDCLGHRSLRTAA,QTPRDCLGHRSLRTA,C038_0039
chr6 g.30128344C>T,ICQEHGEKIYFFCED,DICQEHGEKIYFFCE,EDICQEHGEKIYFFC,EEDICQEHGEKIYFF,GEEDICQEHGEKIYF,LGEEDICQEHGEKIY,GLGEEDICQEHGEKI,LGLGEEDICQEHGEK,TLGLGEEDICQEHGE,STLGLGEEDICQEHG,VSTLGLGEEDICQEH,LVSTLGLGEEDICQE,QLVSTLGLGEEDICQ,LQLVSTLGLGEEDIC,RLQLVSTLGLGEEDI,ENST00000376704_p.V98I|ENST00000449742_p.V98I,TRIM10,TRUE,VCQEHGEKIYFFCED,DVCQEHGEKIYFFCE,EDVCQEHGEKIYFFC,EEDVCQEHGEKIYFF,GEEDVCQEHGEKIYF,LGEEDVCQEHGEKIY,GLGEEDVCQEHGEKI,LGLGEEDVCQEHGEK,TLGLGEEDVCQEHGE,STLGLGEEDVCQEHG,VSTLGLGEEDVCQEH,LVSTLGLGEEDVCQE,QLVSTLGLGEEDVCQ,LQLVSTLGLGEEDVC,RLQLVSTLGLGEEDV,C038_0039
chr7 g.101821852C>A,DSLTKLRENSASQIS,QDSLTKLRENSASQI,LQDSLTKLRENSASQ,RLQDSLTKLRENSAS,QRLQDSLTKLRENSA,VQRLQDSLTKLRENS,DVQRLQDSLTKLREN,EDVQRLQDSLTKLRE,VEDVQRLQDSLTKLR,LVEDVQRLQDSLTKL,QLVEDVQRLQDSLTK,AQLVEDVQRLQDSLT,IAQLVEDVQRLQDSL,EIAQLVEDVQRLQDS,REIAQLVEDVQRLQD,ENST00000292535_p.A311D|ENST00000292538_p.A322D|ENST00000360264_p.A322D|ENST00000393824_p.A283D|ENST00000425244_p.A276D|ENST00000437600_p.A320D|ENST00000546411_p.A311D|ENST00000547394_p.A306D|ENST00000549414_p.A311D|ENST00000550008_p.A311D|ENST00000556210_p.A311D,CUX1,TRUE,ASLTKLRENSASQIS,QASLTKLRENSASQI,LQASLTKLRENSASQ,RLQASLTKLRENSAS,QRLQASLTKLRENSA,VQRLQASLTKLRENS,DVQRLQASLTKLREN,EDVQRLQASLTKLRE,VEDVQRLQASLTKLR,LVEDVQRLQASLTKL,QLVEDVQRLQASLTK,AQLVEDVQRLQASLT,IAQLVEDVQRLQASL,EIAQLVEDVQRLQAS,REIAQLVEDVQRLQA,C038_0039
chr7 g.138329544C>T,QAALATLERVAKMNR,TQAALATLERVAKMN,NTQAALATLERVAKM,GNTQAALATLERVAK,TGNTQAALATLERVA,STGNTQAALATLERV,VSTGNTQAALATLER,NVSTGNTQAALATLE,FNVSTGNTQAALATL,RFNVSTGNTQAALAT,ARFNVSTGNTQAALA,SARFNVSTGNTQAAL,ESARFNVSTGNTQAA,PESARFNVSTGNTQA,IPESARFNVSTGNTQ,ENST00000288513_p.R84Q|ENST00000419765_p.R236Q|ENST00000421622_p.R116Q|ENST00000436657_p.R84Q,SVOPL,TRUE,RAALATLERVAKMNR,TRAALATLERVAKMN,NTRAALATLERVAKM,GNTRAALATLERVAK,TGNTRAALATLERVA,STGNTRAALATLERV,VSTGNTRAALATLER,NVSTGNTRAALATLE,FNVSTGNTRAALATL,RFNVSTGNTRAALAT,ARFNVSTGNTRAALA,SARFNVSTGNTRAAL,ESARFNVSTGNTRAA,PESARFNVSTGNTRA,IPESARFNVSTGNTR,C038_0039
chr7 g.147914523C>T,CFSFSTTKAPCILLY,ICFSFSTTKAPCILL,EICFSFSTTKAPCIL,EEICFSFSTTKAPCI,QEEICFSFSTTKAPC,AQEEICFSFSTTKAP,LAQEEICFSFSTTKA,DLAQEEICFSFSTTK,PDLAQEEICFSFSTT,HPDLAQEEICFSFST,SHPDLAQEEICFSFS,NSHPDLAQEEICFSF,QNSHPDLAQEEICFS,QQNSHPDLAQEEICF,DQQNSHPDLAQEEIC,ENST00000361727_p.R1052C|ENST00000538075_p.R111C,CNTNAP2,TRUE,RFSFSTTKAPCILLY,IRFSFSTTKAPCILL,EIRFSFSTTKAPCIL,EEIRFSFSTTKAPCI,QEEIRFSFSTTKAPC,AQEEIRFSFSTTKAP,LAQEEIRFSFSTTKA,DLAQEEIRFSFSTTK,PDLAQEEIRFSFSTT,HPDLAQEEIRFSFST,SHPDLAQEEIRFSFS,NSHPDLAQEEIRFSF,QNSHPDLAQEEIRFS,QQNSHPDLAQEEIRF,DQQNSHPDLAQEEIR,C038_0039
chr7 g.151860236G>A,,,,,,,,,,,,,,,,ENST00000262189_p.Q3476*|ENST00000355193_p.Q3476*,KMT2C,TRUE,,,,,,,,,,,,,,,,C038_0039
chr8 g.71060602_71060602delT,PSSMTSCNSQLKTAL,QPSSMTSCNSQLKTA,KQPSSMTSCNSQLKT,DKQPSSMTSCNSQLK,VDKQPSSMTSCNSQL,SVDKQPSSMTSCNSQ,GSVDKQPSSMTSCNS,AGSVDKQPSSMTSCN,PAGSVDKQPSSMTSC,APAGSVDKQPSSMTS,GAPAGSVDKQPSSMT,PGAPAGSVDKQPSSM,RPGAPAGSVDKQPSS,TRPGAPAGSVDKQPS,DTRPGAPAGSVDKQP,ENST00000452400_p.A838fs,NCOA2,TRUE,AIINDLMQLTAENSP,QAIINDLMQLTAENS,KQAIINDLMQLTAEN,DKQAIINDLMQLTAE,VDKQAIINDLMQLTA,SVDKQAIINDLMQLT,GSVDKQAIINDLMQL,AGSVDKQAIINDLMQ,PAGSVDKQAIINDLM,APAGSVDKQAIINDL,GAPAGSVDKQAIIND,PGAPAGSVDKQAIIN,RPGAPAGSVDKQAII,TRPGAPAGSVDKQAI,DTRPGAPAGSVDKQA,C038_0039
chr9 g.139734239G>A,TFRLKNDSDLFGLGL,PTFRLKNDSDLFGLG,LPTFRLKNDSDLFGL,PLPTFRLKNDSDLFG,LPLPTFRLKNDSDLF,KLPLPTFRLKNDSDL,PKLPLPTFRLKNDSD,PPKLPLPTFRLKNDS,PPPKLPLPTFRLKND,PPPPKLPLPTFRLKN,PPPPPKLPLPTFRLK,EPPPPPKLPLPTFRL,AEPPPPPKLPLPTFR,PAEPPPPPKLPLPTF,GPAEPPPPPKLPLPT,ENST00000311502_p.A618T|ENST00000371663_p.A619T|ENST00000371675_p.A503T,RABL6,TRUE,AFRLKNDSDLFGLGL,PAFRLKNDSDLFGLG,LPAFRLKNDSDLFGL,PLPAFRLKNDSDLFG,LPLPAFRLKNDSDLF,KLPLPAFRLKNDSDL,PKLPLPAFRLKNDSD,PPKLPLPAFRLKNDS,PPPKLPLPAFRLKND,PPPPKLPLPAFRLKN,PPPPPKLPLPAFRLK,EPPPPPKLPLPAFRL,AEPPPPPKLPLPAFR,PAEPPPPPKLPLPAF,GPAEPPPPPKLPLPA,C038_0039
chr9 g.140811795G>T,VITNFDNILFAILTV,FVITNFDNILFAILT,NFVITNFDNILFAIL,PNFVITNFDNILFAI,GPNFVITNFDNILFA,PGPNFVITNFDNILF,WPGPNFVITNFDNIL,YWPGPNFVITNFDNI,EYWPGPNFVITNFDN,REYWPGPNFVITNFD,CREYWPGPNFVITNF,ECREYWPGPNFVITN,TECREYWPGPNFVIT,DTECREYWPGPNFVI,GDTECREYWPGPNFV,ENST00000277551_p.G293V|ENST00000371355_p.G293V|ENST00000371357_p.G293V|ENST00000371363_p.G293V|ENST00000371372_p.G293V,CACNA1B,TRUE,GITNFDNILFAILTV,FGITNFDNILFAILT,NFGITNFDNILFAIL,PNFGITNFDNILFAI,GPNFGITNFDNILFA,PGPNFGITNFDNILF,WPGPNFGITNFDNIL,YWPGPNFGITNFDNI,EYWPGPNFGITNFDN,REYWPGPNFGITNFD,CREYWPGPNFGITNF,ECREYWPGPNFGITN,TECREYWPGPNFGIT,DTECREYWPGPNFGI,GDTECREYWPGPNFG,C038_0039
chrX g.151533003G>T,IGILFLINILPGTTG,SIGILFLINILPGTT,TSIGILFLINILPGT,MTSIGILFLINILPG,YMTSIGILFLINILP,CYMTSIGILFLINIL,HCYMTSIGILFLINI,SHCYMTSIGILFLIN,TSHCYMTSIGILFLI,QTSHCYMTSIGILFL,TQTSHCYMTSIGILF,ITQTSHCYMTSIGIL,IITQTSHCYMTSIGI,MIITQTSHCYMTSIG,,ENST00000370314_p.L14I|ENST00000535043_p.L14I,GABRA3,TRUE,LGILFLINILPGTTG,SLGILFLINILPGTT,TSLGILFLINILPGT,MTSLGILFLINILPG,YMTSLGILFLINILP,CYMTSLGILFLINIL,HCYMTSLGILFLINI,SHCYMTSLGILFLIN,TSHCYMTSLGILFLI,QTSHCYMTSLGILFL,TQTSHCYMTSLGILF,ITQTSHCYMTSLGIL,IITQTSHCYMTSLGI,MIITQTSHCYMTSLG,,C038_0039
chr9 g.21971039_21971047delGCACGTCCA,RDAWGRLPVDLAEEL,RRDAWGRLPVDLAEE,ARRDAWGRLPVDLAE,GARRDAWGRLPVDLA,AGARRDAWGRLPVDL,RAGARRDAWGRLPVD,HRAGARRDAWGRLPV,LHRAGARRDAWGRLP,VLHRAGARRDAWGRL,VVLHRAGARRDAWGR,LVVLHRAGARRDAWG,TLVVLHRAGARRDAW,DTLVVLHRAGARRDA,LDTLVVLHRAGARRD,FLDTLVVLHRAGARR,ENST00000304494_p.LDV103del|ENST00000446177_p.LDV103del|ENST00000479692_p.LDV52del|ENST00000494262_p.LDV52del|ENST00000497750_p.LDV52del|ENST00000498124_p.LDV103del|ENST00000498628_p.LDV52del|ENST00000578845_p.LDV52del|ENST00000579122_p.LDV103del,CDKN2A,FALSE,LDVRDAWGRLPVDLA,RLDVRDAWGRLPVDL,ARLDVRDAWGRLPVD,GARLDVRDAWGRLPV,AGARLDVRDAWGRLP,RAGARLDVRDAWGRL,HRAGARLDVRDAWGR,LHRAGARLDVRDAWG,VLHRAGARLDVRDAW,VVLHRAGARLDVRDA,LVVLHRAGARLDVRD,TLVVLHRAGARLDVR,DTLVVLHRAGARLDV,LDTLVVLHRAGARLD,FLDTLVVLHRAGARL,C038_0039_021544_PB_Whole_C1_K1ID2_B12971-C038_0039_021544_LV_Whole_T2_K1ID2_B12925
chr9 g.21971039_21971047delGCACGTCCA,RGAARCLGPSARGPG,GRGAARCLGPSARGP,PGRGAARCLGPSARG,APGRGAARCLGPSAR,AAPGRGAARCLGPSA,GAAPGRGAARCLGPS,GGAAPGRGAARCLGP,AGGAAPGRGAARCLG,HAGGAAPGRGAARCL,GHAGGAAPGRGAARC,PGHAGGAAPGRGAAR,,,,,ENST00000361570_p.GRA159del|ENST00000530628_p.GRA118del|ENST00000579755_p.GRA118del,CDKN2A,TRUE,RGAAGRARCLGPSAR,GRGAAGRARCLGPSA,PGRGAAGRARCLGPS,APGRGAAGRARCLGP,AAPGRGAAGRARCLG,GAAPGRGAAGRARCL,GGAAPGRGAAGRARC,AGGAAPGRGAAGRAR,HAGGAAPGRGAAGRA,GHAGGAAPGRGAAGR,PGHAGGAAPGRGAAG,,,,,C038_0039_021544_PB_Whole_C1_K1ID2_B12971-C038_0039_021544_LV_Whole_T2_K1ID2_B12925
chr18 g.18535193C>T,IRPVTQGDVYRAETE,HIRPVTQGDVYRAET,FHIRPVTQGDVYRAE,LFHIRPVTQGDVYRA,KLFHIRPVTQGDVYR,DKLFHIRPVTQGDVY,IDKLFHIRPVTQGDV,DIDKLFHIRPVTQGD,LDIDKLFHIRPVTQG,VLDIDKLFHIRPVTQ,MVLDIDKLFHIRPVT,SMVLDIDKLFHIRPV,PSMVLDIDKLFHIRP,NPSMVLDIDKLFHIR,SNPSMVLDIDKLFHI,ENST00000399799_p.V1176I,ROCK1,TRUE,VRPVTQGDVYRAETE,HVRPVTQGDVYRAET,FHVRPVTQGDVYRAE,LFHVRPVTQGDVYRA,KLFHVRPVTQGDVYR,DKLFHVRPVTQGDVY,IDKLFHVRPVTQGDV,DIDKLFHVRPVTQGD,LDIDKLFHVRPVTQG,VLDIDKLFHVRPVTQ,MVLDIDKLFHVRPVT,SMVLDIDKLFHVRPV,PSMVLDIDKLFHVRP,NPSMVLDIDKLFHVR,SNPSMVLDIDKLFHV,C038_0039
